stream_id,nome,tvg_id_sugerido,grade_ate
784811,RECORD SP FHD,,
785203,RECORD SP FHD [H265],,
784812,RECORD SP HD,,
784813,Record SP SD,,
100718,GLOBO SP 4K FHDR,,
784800,RECORD RJ FHD,RecordTVRJ.br,14/10 00:00
784801,RECORD RJ HD,RecordTVRJ.br,14/10 00:00
784804,RECORD RJ HD [Alt],RecordTVRJ.br,14/10 00:00
784805,RECORD RJ SD,RecordTVRJ.br,14/10 00:00
4839183,A FAZENDA 18 SINAL 01,,
4839184,A FAZENDA 18 SINAL 02,,
4839185,A FAZENDA 18 SINAL 03,,
4839186,A FAZENDA 18 SINAL 04,,
4839187,A FAZENDA 18 SINAL 05,,
4839188,A FAZENDA 18 SINAL 06,,
4839189,A FAZENDA 18 SINAL 07,,
208148,AGRO CANAL FHD,,
208149,AGRO CANAL HD,,
208397,AGRO CANAL SD,,
4173073,AMAZON PRIME VIDEO 01 FHD,,
785263,AMAZON PRIME VIDEO 01 HD,,
4173075,AMAZON PRIME VIDEO 02 FHD,,
3520298,AMAZON PRIME VIDEO 02 HD,,
4173077,AMAZON PRIME VIDEO 03 FHD,,
3520299,AMAZON PRIME VIDEO 03 HD,,
3520300,AMAZON PRIME VIDEO 04,,
100712,AMC 4K,AMC.br,14/10 01:00
208150,AMC FHD,AMC.br,14/10 01:00
1479386,AMC FHD [ALT],AMC.br,14/10 01:00
208151,AMC HD,AMC.br,14/10 01:00
1479387,AMC HD [ALT],AMC.br,14/10 01:00
208383,AMC SD,AMC.br,14/10 01:00
785283,AppleTV+ 1,,
785284,AppleTV+ 2,,
4173084,AppleTV+ 3,,
4173085,AppleTV+ 4,,
3282785,BAND RN HD,,
102800,BAND TV TRIBUNA RECIFE HD,,
102795,BAND UBERLANDIA FHD,,
102796,BAND UBERLANDIA HD,,
208439,BAND UBERLANDIA SD,,
4167170,BBC HD,,
4167171,BBC SD,,
4187212,BRTV MAX RODEIO,,
4173089,Campeonato Baiano 01 - TVE BAHIA,,
4173090,Campeonato Goiano 01,,
4173091,Campeonato Pernambucano 01,,
4173092,Campeonato Sergipano 01,,
4173093,Campeonato Sergipano 02,,
727329,CANAL 21,Canal.21.br,12/10 04:00
101980,CANAL SONY FHD,,
1479421,CANAL SONY FHD [ALT],,
785142,CANAL SONY FHD [H265],,
101981,CANAL SONY HD,,
1479422,CANAL SONY HD [ALT],,
101982,CANAL SONY SD,,
727322,CANAL WEB - RCN67,,
727328,CANAL WEB PORTAL DA TROPICAL,,
94576,CARTOON NETWORK FHD,CartoonNetwork.br,14/10 00:00
1479460,CARTOON NETWORK FHD [ALT],CartoonNetwork.br,14/10 00:00
785143,CARTOON NETWORK FHD [H265],CartoonNetwork.br,14/10 00:00
94577,CARTOON NETWORK HD,CartoonNetwork.br,14/10 00:00
1479461,CARTOON NETWORK HD [ALT],CartoonNetwork.br,14/10 00:00
94578,CARTOON NETWORK SD,CartoonNetwork.br,14/10 00:00
785274,CAZE TV 1,,
785275,CAZE TV 2,,
785276,CAZE TV 3,,
727313,CENTRALTV BRASIL,,
3456091,Cine Sky 01,,
3456092,Cine Sky 02,,
3456093,Cine Sky 03,,
3456094,Cine Sky 04,,
3456095,Cine Sky 05,,
3456096,Cine Sky 06,,
3456097,Cine Sky 07,,
3456098,Cine Sky 08,,
3456099,Cine Sky 09,,
3456100,Cine Sky 10,,
3456101,Cine Sky 11,,
3456102,Cine Sky 12,,
3456103,Cine Sky 13,,
3456104,Cine Sky 14,,
3456090,Cine Sky 15,,
727334,CNBC HD,CNBC.pt,12/10 00:00
97948,CNN BRASIL FHD,CNNBrasil.br,14/10 00:05
1479499,CNN BRASIL FHD [ALT],CNNBrasil.br,14/10 00:05
785147,CNN Brasil FHD [H265],CNNBrasil.br,14/10 00:05
97949,CNN BRASIL HD,CNNBrasil.br,14/10 00:05
1479500,CNN BRASIL HD [ALT],CNNBrasil.br,14/10 00:05
208341,CNN BRASIL MONEY FHD,CNN Brasil Money HD.br,10/10 02:30
208339,CNN BRASIL MONEY HD,CNN Brasil Money HD.br,10/10 02:30
1479507,CNN BRASIL MONEY HD [ALT],CNN Brasil Money HD.br,10/10 02:30
208340,CNN BRASIL MONEY SD,CNN Brasil Money HD.br,10/10 02:30
208385,CNN BRASIL SD,CNNBrasil.br,14/10 00:05
785266,DAZN 01,,
785267,DAZN 02,,
785268,DAZN 03,,
785269,DAZN 04,,
785270,DAZN 05,,
100726,DISCOVERY H&H 4K,discovery.home.and.health.br,irmão
785296,DISNEY+ 1,,
3518801,DISNEY+ 2,,
3518802,DISNEY+ 3,,
785297,DISNEY+ 4,,
785294,DISNEY+ 5,,
785295,DISNEY+ 6,,
785298,DISNEY+ 7,,
1431393,DISNEY+8,,
1431394,DISNEY+ 9,,
1431395,DISNEY+ 10,,
100708,ESPN 1 4K,espn.br,irmão
3333294,ESPN 1 FHD [H265],espn.br,irmão
100696,ESPN 3 4K FHDR,,
100715,ESPN 4 4K FHDR,,
100717,ESPN 5 4K FHDR,,
100716,ESPN 6 4K FHDR,,
785290,EVENTOS EXTRAS 01,,
99946,FOOD NETWORK FHD,FoodNetwork.br,14/10 00:09
1479553,FOOD NETWORK FHD [ALT],FoodNetwork.br,14/10 00:09
785164,FOOD NETWORK FHD [H265],FoodNetwork.br,14/10 00:09
99947,FOOD NETWORK HD,FoodNetwork.br,14/10 00:09
1479554,FOOD NETWORK HD [ALT],FoodNetwork.br,14/10 00:09
99948,FOOD NETWORK SD,FoodNetwork.br,14/10 00:09
4176360,Formula 1 - 2026,,
784613,GAZETA NORTE ESPIRITO SANTO FHD,,
784614,GAZETA NORTE ESPIRITO SANTO HD,,
784615,GAZETA NORTE ESPIRITO SANTO SD,,
784498,GAZETA SUL ESPIRITO SANTO FHD,,
784499,GAZETA SUL ESPIRITO SANTO HD,,
784500,GAZETA SUL ESPIRITO SANTO SD,,
3558792,GE TV,GETV.br,12/10 18:00
3330355,GLOBO CRUZEIRO DO SUL FHD,,
784360,GLOBO CRUZEIRO DO SUL HD,,
784361,GLOBO CRUZEIRO DO SUL SD,,
3330350,GLOBO EPTV ARARAQUARA FHD,,
784581,GLOBO EPTV ARARAQUARA HD,,
3330351,GLOBO EPTV ARARAQUARA SD,,
784418,GLOBO RBS TV PASSO FUNDO FHD,,
784419,GLOBO RBS TV PASSO FUNDO HD,,
784420,GLOBO RBS TV PASSO FUNDO SD,,
784639,GLOBO REDE AMAZONICA GUAJARA MIRIM FHD,,
784640,GLOBO REDE AMAZONICA GUAJARA MIRIM HD,,
784641,GLOBO REDE AMAZONICA GUAJARA MIRIM SD,,
784642,GLOBO REDE AMAZONICA JI PARANA HD,,
784643,GLOBO REDE AMAZONICA JI PARANA SD,,
784429,GLOBO REDE AMAZONICA PORTO VELHO FHD,,
784430,GLOBO REDE AMAZONICA PORTO VELHO HD,,
784431,GLOBO REDE AMAZONICA PORTO VELHO SD,,
784435,GLOBO REDE BOA VISTA FHD,,
784436,GLOBO REDE BOA VISTA HD,,
784437,GLOBO REDE BOA VISTA SD,,
784458,GLOBO RPC MARINGA FHD,,
785171,GLOBO RPC MARINGA FHD [H265],,
784459,GLOBO RPC MARINGA HD,,
784460,GLOBO RPC MARINGA SD,,
784673,GLOBO TV BOM DIA JOACABA FHD,,
784674,GLOBO TV BOM DIA JOACABA HD,,
784675,GLOBO TV BOM DIA JOACABA SD,,
3330362,GLOBO TV CENTRO AMERICA NORTE FHD,,
784676,GLOBO TV CENTRO AMERICA NORTE HD,,
784677,GLOBO TV CENTRO AMERICA NORTE SD,,
784492,GLOBO TV GAZETA DE ALAGOAS FHD,,
784493,GLOBO TV GAZETA DE ALAGOAS HD,,
784494,GLOBO TV GAZETA DE ALAGOAS SD,,
784495,GLOBO TV GAZETA ES VITORIA FHD,,
784496,GLOBO TV GAZETA ES VITORIA HD,,
784497,GLOBO TV GAZETA ES VITORIA SD,,
784513,GLOBO TV LIBERAL BELEM FHD,,
784514,GLOBO TV LIBERAL BELEM HD,,
784515,GLOBO TV LIBERAL BELEM SD,,
784530,GLOBO TV PRESIDENTE PRUDENTE FHD,,
784531,GLOBO TV PRESIDENTE PRUDENTE HD,,
784532,GLOBO TV PRESIDENTE PRUDENTE SD,,
784542,GLOBO TV SUBAE FHD,,
784543,GLOBO TV SUBAE HD,,
784544,GLOBO TV SUBAE SD,,
784702,GLOBO TV SÃO FRANCISCO FHD,,
784703,GLOBO TV SÃO FRANCISCO HD,,
784704,GLOBO TV SÃO FRANCISCO SD,,
784548,GLOBO TV TAPAJOS FHD,,
784549,GLOBO TV TAPAJOS HD,,
784550,GLOBO TV TAPAJOS SD,,
784568,GLOBO TV VANGUARDA S. J. DOS CAMPOS HD,,
784567,GLOBO TV VANGUARDA S. J. DOS CAMPOS SD,,
100713,GNT FHD 4K FHDR,,
785278,GOAT 1,,
785279,GOAT 2,,
785280,GOAT 3,,
785281,GOAT 4,,
785282,GOAT 5,,
100697,HBO 4K FHDR,,
100720,Jovem Pan News 4K FHDR,,
1479565,LIFETIME  HD [ALT],Lifetime.br,14/10 01:00
99952,LIFETIME  SD,Lifetime.br,14/10 01:00
99953,LIFETIME FHD,Lifetime.br,14/10 01:00
1479564,LIFETIME FHD [ALT],Lifetime.br,14/10 01:00
785186,LIFETIME FHD [H265],Lifetime.br,14/10 01:00
99954,LIFETIME HD,Lifetime.br,14/10 01:00
1479569,LOVE NATURE HD [ALT],,
776561,MAX 01,,
776562,MAX 02,,
776563,MAX 03,,
776564,MAX 04,,
776565,MAX 05,,
776566,MAX 06,,
776567,MAX 07,,
4187914,MIRANTE BOLSAS HD,,
4188109,MR. Olympia PPV,,
1479584,MUSIC BOX BRASIL  FHD [ALT],MusicBoxBrasil.br,14/10 00:00
99960,MUSIC BOX BRASIL  SD,MusicBoxBrasil.br,14/10 00:00
727288,MUSIC BOX BRASIL FHD,MusicBoxBrasil.br,14/10 00:00
727289,MUSIC BOX BRASIL HD,MusicBoxBrasil.br,14/10 00:00
1479585,MUSIC BOX BRASIL HD [ALT],MusicBoxBrasil.br,14/10 00:00
776580,NBA LEAGUE PASS 01 HD,,
776581,NBA LEAGUE PASS 02 HD,,
776582,NBA LEAGUE PASS 03 HD,,
776583,NBA LEAGUE PASS 04 HD,,
776585,NBA LEAGUE PASS 06 HD,,
776586,NBA LEAGUE PASS 07 HD,,
776587,NBA LEAGUE PASS 08 HD,,
776588,NBA LEAGUE PASS 09 HD,,
776589,NBA LEAGUE PASS 10 HD,,
1429686,NBA LEAGUE PASS 11 HD,,
1429687,NBA LEAGUE PASS 12 HD,,
1429685,NBA LEAGUE PASS 13 HD,,
776584,NBA LEAGUE PASSs 05 HD,,
785285,NSPORTS 1 HD,,
3534387,OneFootball 01,,
3534388,OneFootball 02,,
3534389,OneFootball 03,,
3534390,OneFootball 04,,
4191112,PARAMOUNT + 03 HD [ALT],,
4191113,PARAMOUNT + 04 HD [ALT],,
4188108,PARAMOUNT+ 5 HD,,
4191114,PARAMOUNT + 05 HD [ALT],,
4191115,PARAMOUNT+ 06 HD,,
4187913,PETROLINA PE,,
100721,PREMIERE 1 - 4K,,
1479724,PREMIERE 1 FHD,,
4172735,PREMIERE 1 FHD [ALT],,
785197,PREMIERE 1 FHD [H265],,
1479725,PREMIERE 1 HD,,
4839190,PREMIERE 1 HD [ALT],,
208390,PREMIERE 1 SD,,
100698,PREMIERE 2 - 4K FHDR,,
93522,PREMIERE 2  FHD,Premiere2.br,14/10 01:00
1479712,PREMIERE  2 FHD [ALT],Premiere2.br,14/10 01:00
785198,PREMIERE  2 FHD [H265],Premiere2.br,14/10 01:00
93523,PREMIERE 2 HD,Premiere2.br,14/10 01:00
1479713,PREMIERE  2 HD [ALT],Premiere2.br,14/10 01:00
93538,PREMIERE  2 SD,Premiere2.br,14/10 01:00
100705,PREMIERE 4 - 4K,Premiere4.br,14/10 01:00
93526,PREMIERE 4 FHD,Premiere4.br,14/10 01:00
1479718,PREMIERE 4 FHD [ALT],Premiere4.br,14/10 01:00
93527,PREMIERE 4 HD,Premiere4.br,14/10 01:00
1479719,PREMIERE 4 HD [ALT],Premiere4.br,14/10 01:00
93540,PREMIERE 4 SD,Premiere4.br,14/10 01:00
100704,PREMIERE  5 - 4K,Premiere5.br,14/10 01:00
1479721,PREMIERE  5 FHD [ALT],Premiere5.br,14/10 01:00
785200,PREMIERE  5 FHD [H265],Premiere5.br,14/10 01:00
1479722,PREMIERE  5 HD [ALT],Premiere5.br,14/10 01:00
4167111,PREMIERE 5 HD,Premiere5.br,14/10 01:00
93541,PREMIERE 5 SD,Premiere5.br,14/10 01:00
727333,RBC HD,,
4167064,RECORD BH HD,,
784758,RECORD CAMPOS DOS GOYTACAZES HD,,
784759,RECORD CAMPOS DOS GOYTACAZES SD,,
784764,RECORD GO FHD,,
784765,RECORD GO HD,,
784766,RECORD GO SD,,
784773,RECORD LITORAL VALE DO PARNAÍBA FHD,,
784774,RECORD LITORAL VALE DO PARNAÍBA HD,,
784775,RECORD LITORAL VALE DO PARNAÍBA SD,,
784776,RECORD MA FHD,,
784777,RECORD MA HD,,
784778,RECORD MA SD,,
784782,RECORD NDTV  FLORIPA FHD,,
784783,RECORD NDTV  FLORIPA HD,,
784786,RECORD NDTV BLUMENAU HD,,
784787,RECORD PARANAÍBA DE UBERLÂNDIA FHD,,
784788,RECORD PARANAÍBA DE UBERLÂNDIA HD,,
784794,RECORD RIC FHD,,
784795,RECORD RIC HD,,
784796,RECORD RIC SD,,
784806,RECORD RS FHD,Record TV RS.br,10/10 03:15
784807,RECORD RS HD,Record TV RS.br,10/10 03:15
784808,RECORD RS SD,Record TV RS.br,10/10 03:15
784809,RECORD SIC TV RONDÔNIA FHD,,
784810,RECORD SIC TV RONDÔNIA HD,,
784815,RECORD TV CIDADE CEARA,,
4187211,RECORD TV Correio - PB,,
727290,RED BULL  TV HD,67813f3162bf016db944c9ab,09/10 14:05
785288,Red Bull TV HD,67813f3162bf016db944c9ab,09/10 14:05
784582,REDE AMAZONICA ITACOATIARA FHD,,
784583,REDE AMAZONICA ITACOATIARA HD,,
784584,REDE AMAZONICA ITACOATIARA SD,,
784585,REDE AMAZONICA PARINTINS FHD,,
784586,REDE AMAZONICA PARINTINS HD,,
784587,REDE AMAZONICA PARINTINS SD,,
785289,REDE FURACÃO,,
208186,SBT  SC HD,,
208337,SBT FLORIPA FHD,,
208269,SBT FLORIPA HD,,
91862,SBT FLORIPA SD,,
91848,SBT ITAPOAN FHD,,
91849,SBT ITAPOAN HD,,
91869,SBT SAO LUIZ MA HD,,
91854,SBT SP FHD,SBTSP.br,14/10 00:30
91855,SBT SP HD,SBTSP.br,14/10 00:30
208410,SBT SP SD,SBTSP.br,14/10 00:30
91868,SBT TV ARATU -BAHIA FHD,,
91870,SBT TV JANGADEIRO -CEARA,,
208324,SBT TV JORNAL RECIFE,,
776590,Sportynet 01 HD,,
776591,Sportynet 02 HD,,
776592,Sportynet 03 HD,,
776593,Sportynet 04 HD,,
102016,TCM FHD,TCM.br,14/10 01:00
1479433,TCM FHD [ALT],TCM.br,14/10 01:00
102017,TCM HD,TCM.br,14/10 01:00
1479434,TCM HD [ALT],TCM.br,14/10 01:00
102018,TCM SD,TCM.br,14/10 01:00
99963,TRAVEL BOX  BRAZIL HD,TravelBoxBrazil.br,14/10 00:00
727292,TRAVEL BOX BRASIL FHD,,
1479606,TRAVEL BOX BRAZIL FHD [ALT],TravelBoxBrazil.br,14/10 00:00
1479607,TRAVEL BOX BRAZIL HD [ALT],TravelBoxBrazil.br,14/10 00:00
727296,TV ARACATI HD,,
4187912,TV CLUBE PIAUI FHD,,
99369,TV EVANGELIZAR FHD,,
99368,TV EVANGELIZAR HD,,
99380,TV EVANGELIZAR SD,,
208196,TV GAZETA FHD,TVGazeta.br,12/10 16:00
208197,TV GAZETA HD,TVGazeta.br,12/10 16:00
784601,TV GAZETA MACEIO FHD,,
784602,TV GAZETA MACEIO HD,,
784603,TV GAZETA MACEIO SD,,
208330,TV IMPD FHD,,
208173,TV IMPD HD,,
208331,TV IMPD SD,,
4172652,TV PETRÓPOLIS HD,,
99372,TV PLENITUDE,,
727298,TV RA TIM BUM FHD,TVRaTimBum.br,14/10 00:00
1479486,TV RA TIM BUM FHD [ALT],TVRaTimBum.br,14/10 00:00
785219,TV RA TIM BUM FHD [H265],TVRaTimBum.br,14/10 00:00
727299,TV RA TIM BUM HD,TVRaTimBum.br,14/10 00:00
1479487,TV RA TIM BUM HD [ALT],TVRaTimBum.br,14/10 00:00
208455,TV RA TIM BUM SD,TVRaTimBum.br,14/10 00:00
208204,UNIVERSAL CHANNEL FHD,Universal.Channel.br,12/10 03:00
1479452,UNIVERSAL CHANNEL FHD [ALT],Universal.Channel.br,12/10 03:00
208205,UNIVERSAL CHANNEL HD,Universal.Channel.br,12/10 03:00
1479453,UNIVERSAL CHANNEL HD [ALT],Universal.Channel.br,12/10 03:00
102025,UNIVERSAL CHANNEL SD,Universal.Channel.br,12/10 03:00
208187,USA NETWORK FHD,,
785221,USA NETWORK FHD [H265],,
208188,USA NETWORK HD,,
208392,USA NETWORK SD,,
727321,WEB-SANTA PORTAL,,
4842243,(01)   ⏰ 19:30 • Santos x Flamengo •,,
4842259,(02)   ⏰ 19:30 • Ceará x Criciúma •,,
4842260,(03)   ⏰ 19:30 • Náutico x Novorizontino •,,
4842261,(04)   ⏰ 20:00 • Athletico Paranaense x Atlético Mineiro •,,
4842262,(05)   ⏰ 21:30 • Fluminense x Coritiba •,,
4842263,(06)   ⏰ 21:30 • Palmeiras x Bahia •,,
4842264,(07)  FIM DO EVENTO,,
4842265,(08)  FIM DO EVENTO,,
4842266,(09)  FIM DO EVENTO,,
4842267,(10)  FIM DO EVENTO,,
4842268,(11)  FIM DO EVENTO,,
4842269,(12)  FIM DO VENTO,,
4842270,(13)  FIM DO VENTO,,
4842271,(14)  FIM DO VENTO,,
4842272,(15)  FIM DO VENTO,,
4842273,(16)  FIM DO VENTO,,
4842274,(17)  FIM DO VENTO,,
4842275,(18) FIM DO VENTO,,
4842276,(19) FIM DO VENTO,,
4842277,(20) FIM DO VENTO,,
4842278,(21) FIM DO VENTO,,
4842279,(22)FIM DO VENTO,,
4842280,(23) FIM DO VENTO,,
4842281,(24) FIM DO VENTO,,
4842282,(25) FIM DO VENTO,,
4842283,(26) FIM DO VENTO,,
4842284,(27) FIM DO VENTO,,
4842285,(28) FIM DO VENTO,,
4842287,(00) |US| NFL Network HD,,
4842288,(02) FIM DO EVENTO,,
4842289,(03)  FIM DO EVENTO,,
4842290,(04)  FIM DO EVENTO,,
4842291,(05)  FIM DO EVENTO,,
4842292,(06)  FIM DO EVENTO,,
4842293,(07)  FIM DO EVENTO,,
4842294,(08)  FIM DO EVENTO,,
4842295,(09)  FIM DO EVENTO,,
4842296,(10)  FIM DO EVENTO,,
4842297,(11)  FIM DO EVENTO,,
4842298,(12)  FIM DO EVENTO,,
4842299,(13)  FIM DO EVENTO,,
4842300,(14)  FIM DO EVENTO,,
4842301,NFL 15 |,,
4842302,NFL 16 |,,
3330591,[24H] Zé Buscapé,,
3330590,[24H] Zatch Bell,,
3330589,[24H] YU-YU-Hakusho,,
3330588,[24H] Xuxa só para Baixinhos 2,,
3330587,[24H] Xuxa só para Baixinhos 1,,
3330586,[24H] X-Men 2,,
3330585,[24H] X-Men 1,,
3330584,[24H] Wolverine e os X-Men,,
3330583,[24H] Wally Gator,,
3330582,Cachorro. Vai!,,
3330581,[24H] Ursinhos Carinhosos 2,,
3330580,[24H] Ursinhos Carinhosos 1,,
3330579,[24H] Turma do Pateta,,
3330578,[24H] Turma da Mônica,5f997e44949bc70007a6941e,09/10 13:22
3330577,[24H] Três Espiãs Demais,,
3330576,[24H] Tom & Jerry,,
3330575,[24H] Timão e Pumba 02,,
3330574,[24H] Timão e Pumba 01,,
3330573,[24H] Thundercats,,
3330572,[24H] Team-Galaxy,,
3330571,[24H] Tartarugas Ninjas,,
3330570,[24H] Superman Animado 02,,
3330569,[24H] Superman Animado 01,,
3330568,[24H] Superman - Homem do Amanhã,,
3330567,[24H] Super Wings 02,,
3330566,[24H] Super Wings 01,,
3330565,[24H] Super Mario Bros 2,,
3330564,[24H] Super Mario Bros 1,,
3330563,[24H] Super Choque 2,,
3330562,[24H] Super Choque 1,,
3330561,[24H] Street Fighter 2,,
3330560,[24H] Steven Universe,,
3330559,[24H] Speed-Racer,,
3330558,[24H] South Park 03,,
3330557,[24H] South Park 02,,
3330556,[24H] South Park 01,,
3330555,[24H] Sitio do Pica-Pau Amarelo,,
3330554,[24H] Simon,,
3330553,[24H] Shurato,,
3330552,[24H] Show da Luna,,
3330551,[24H] Shinzo,,
3330550,[24H] She-ra,,
3330549,[24H] Shaman King,,
3330548,[24H] Scooby-Doo - 13 Fantasmas 1985,,
3330547,[24H] Scooby-Doo,,
3330546,[24H] Sapo Não Lava o Pé 02,,
3330545,[24H] Sapo Não Lava o Pé 01,,
3330544,[24H] Samurai-X 2,,
3330543,[24H] Samurai-X 1,,
3330542,[24H] Samurai Warriors,,
3330541,[24H] Sakura Card,,
3330540,[24H] Rimas de Berçário,,
3330539,[24H] Reino Gelado,,
3330538,[24H] Rambo,,
3330537,[24H] Princesa e o Dragão,,
3330536,[24H] Popeye 75th,,
3330535,[24H] Popeye,677d93f37bffa600080795e7,09/10 13:28
3330534,[24H] Pokemon 2,,
3330533,[24H] Pokemon 1,,
3330532,[24H] Pocoyo,,
3330531,[24H] PJ Masks,,
3330530,[24H] Pintinho Amarelinho 2,,
3330529,[24H] Pintinho Amarelinho 1,,
3330528,[24H] Pink-e-Cerebro,,
3330527,[24H] Pica Pau 03,,
3330526,[24H] Pica Pau 02,,
3330525,[24H] Pica Pau 01,,
3330524,[24H] Pernalonga 02,,
3330523,[24H] Pernalonga 01,,
3330522,[24H] Pequena Sereia,,
3330521,[24H] Peppa Pig,,
3330520,[24H] Patrulha Canina 6,,
3330519,[24H] Patrulha Canina 5,,
3330518,[24H] Patrulha Canina 4,,
3330517,[24H] Patrulha Canina 3,,
3330516,[24H] Patrulha Canina 2,,
3330515,[24H] Pato Donald,,
3330514,[24H] Patati e Patata 03,,
3330513,[24H] Patati e Patata 02,,
3330512,[24H] Patati e Patata 01,,
3330511,[24H] Pantera Cor de Rosa 2,,
3330510,[24H] Pantera Cor de Rosa 1,,
3330509,[24H] Os Simpsons 34,,
3330508,[24H] Os Simpsons 33,,
3330507,[24H] Os Simpsons 32,,
3330506,[24H] Os Simpsons 31,,
3330505,[24H] Os Simpsons 30,,
3330504,[24H] Os Simpsons 29,,
3330503,[24H] Os Simpsons 28,,
3330502,[24H] Os Simpsons 27,,
3330501,[24H] Os Simpsons 26,,
3330500,[24H] Os Simpsons 25,,
3330499,[24H] Os Simpsons 24,,
3330498,[24H] Os Simpsons 23,,
3330497,[24H] Os Simpsons 22,,
3330496,[24H] Os Simpsons 21,,
3330495,[24H] Os Simpsons 20,,
3330494,[24H] Os Simpsons 19,,
3330493,[24H] Os Simpsons 18,,
3330492,[24H] Os Simpsons 17,,
3330491,[24H] Os Simpsons 16,,
3330490,[24H] Os Simpsons 15,,
3330489,[24H] Os Simpsons 14,,
3330488,[24H] Os Simpsons 13,,
3330487,[24H] Os Simpsons 12,,
3330486,[24H] Os Simpsons 11,,
3330485,[24H] Os Simpsons 10,,
3330484,[24H] Os Simpsons 09,,
3330483,[24H] Os Simpsons 08,,
3330482,[24H] Os Simpsons 07,,
3330481,[24H] Os Simpsons 06,,
3330480,[24H] Os Simpsons 05,,
3330479,[24H] Os Simpsons 04,,
3330478,[24H] Os Simpsons 03,,
3330477,[24H] Os Simpsons 02,,
3330476,[24H] Os Simpsons 01,,
3330475,[24H] Os Patos,,
3330474,[24H] Os Padrinhos Mágicos 05,,
3330473,[24H] Os Padrinhos Mágicos 04,,
3330472,[24H] Os Padrinhos Mágicos 03,,
3330471,[24H] Os Padrinhos Mágicos 02,,
3330470,[24H] Os Padrinhos Mágicos 01,,
3330469,[24H] Os Jetson,,
3330468,[24H] Os Flinstones,,
3330467,[24H] One Piece East Blue,,
3330466,[24H] Oggy e as Baratas,,
3330465,[24H] O Clube das Winx,,
3330464,[24H] Naruto,5f6df5a173d7340007c559f7,09/10 13:04
3330463,[24H] Moranguinho 2,,
3330462,[24H] Moranguinho 1,,
3330461,[24H] MegaMan,,
3330460,[24H] Medabots,,
3330459,[24H] Masha e o Urso,,
3330458,[24H] Luluzinha 2,,
3330457,[24H] Luluzinha 1,,
3330456,[24H] Looney Tunes,,
3330455,[24H] Liga da Justica,,
3330454,[24H] Leo O-Caminhão,,
3330453,[24H] Larva Chiclete,,
3330452,[24H] Kenan e Kel,,
3330451,[24H] Johnny Test,,
3330450,[24H] Johnny Bravo,,
3330449,[24H] Jiraya,,
3330448,[24H] Jacarelvis,,
3330447,[24H] Irmão do Jorel 2,,
3330446,[24H] Irmão do Jorel 1,,
3330445,[24H] Homem de Ferro 1994,,
3330444,[24H] Homem de Ferro 02,,
3330443,[24H] Homem de Ferro 01,,
3330442,[24H] Homem Aranha Animado 2,,
3330441,[24H] Homem Aranha Animado 1,,
3330440,[24H] He-Man 3,,
3330439,[24H] He-Man 2002,,
3330438,[24H] He-Man 2,,
3330437,[24H] He-Man 1,,
3330436,[24H] Garfield 03,,
3330435,[24H] Garfield 02,,
3330434,[24H] Garfield 01,,
3330433,[24H] Galo e a Pata,,
3330432,[24H] Galinha Pintadinha,,
3330431,[24H] Futurama,,
3330430,[24H] Freakazoid,,
3330429,[24H] Formiga Atômica,,
3330428,[24H] Em Busca do Vale Encantado,,
3330427,Dudu e Edu,,
3330426,[24H] Dragon Ball [Filmes 1],,
3330425,[24H] Dragon Ball Z 2,,
3330424,[24H] Dragon Ball Z 1,,
3330423,[24H] Dragon Ball Super 3,,
3330422,[24H] Dragon Ball Super 2,,
3330421,[24H] Dragon Ball Super 1,,
3330420,[24H] Dragon Ball Heroes,,
3330419,[24H] Dragon Ball 2,,
3330418,[24H] Dragon Ball 1,,
3330417,[24H] Doug 2,,
3330416,[24H] Doug 1,,
3330415,[24H] Dora Aventureira 2,,
3330414,[24H] Dora Aventureira 01,,
3330413,[24H] Digimon Tamers,,
3330412,[24H] Digimon Savers,,
3330411,[24H] Digimon Frontier,,
3330410,[24H] Digimon Adventure Zero Two,,
3330409,[24H] Digimon 2,,
3330408,[24H] Digimon 15º Aniversário,,
3330407,[24H] Digimon 1,,
3330406,[24H] Corrida Maluca 3,,
3330405,[24H] Corrida Maluca 2,,
3330404,[24H] Corrida Maluca 1968,,
3330403,[24H] Corrida Maluca 1,,
3330402,[24H] Coragem o Cão Covarde 2,,
3330401,[24H] Coragem o Cão Covarde 1,,
3330400,O Otimista,,
3330399,[24H] Chaves Desenho,,
3330398,[24H] Caverna do Dragão 1,,
3330397,[24H] Cavaleiros do Zodiaco 6,,
3330396,[24H] Cavaleiros do Zodiaco 5,,
3330395,[24H] Cavaleiros do Zodiaco 4,,
3330394,[24H] Cavaleiros do Zodiaco 3,,
3330393,[24H] Cavaleiros do Zodiaco 2,,
3330392,[24H] Cavaleiros do Zodiaco 1,,
3330391,[24H] Cascão A Turma da Monica,,
3330390,[24H] Carmen Sandiego,,
3330389,[24H] Caillou,,
3330388,[24H] Booba 2,,
3330387,[24H] Booba 1,,
3330386,[24H] Bob Zoom 2,,
3330385,[24H] Bob Zoom 1,,
3330384,[24H] Bob o Trem 2,,
3330383,[24H] Bob o Trem 1,,
3330382,[24H] Bob Esponja 01,,
3330381,[24H] Bita e os Animais,,
3330380,[24H] BEN 10 2,,
3330379,[24H] BEN 10 - 01,,
3330378,[24H] Baby Looney Tunes,,
3330377,[24H] As Meninas Superpoderosas,,
3330376,[24H] As Aventuras do Batman 02,,
3330375,[24H] As Aventuras do Batman 01,,
3330374,[24H] Apenas um Show,,
3330373,[24H] Angry Birds,,
3330372,[24H] Aladdin,,
3330371,[24H] A Roda do Ônibus,,
3330370,[24H] A Mansão Foster,,
3330369,[24H] A Guarda do Leão,,
3330368,[24H] A Casa do Mickey Mouse,,
3330367,[24H] 3 Palavrinhas,,
3330675,[24H] YT-Policia Militar,,
3330674,[24H] YT-Investigação Criminal,,
3330673,[24H] YT-Delegado Dacunha 04,,
3330672,[24H] YT-Delegado Dacunha 03,,
3330671,[24H] YT-Delegado Dacunha 02,,
3330670,[24H] YT-Delegado Dacunha 01,,
3330669,[24H] Thiago Ventura,,
3330668,[24H] Porta dos Fundos 02,,
3330667,[24H] Porta dos Fundos 01,,
3330666,[24H] A Culpa é do Cabral 03,,
3330665,[24H] A Culpa é do Cabral 02,,
3330664,[24H] A Culpa é do Cabral 01,,
3330663,X-Men 02,,
3330662,X-Men 01,,
3330661,O Senhor dos Aneis - Trilogia,,
3330660,O Hobbit - Trilogia,,
3330659,Maze Runner - Trilogia,,
3330658,Marvel 04,,
3330657,Marvel 03,,
3330656,Marvel 02,,
3330655,Marvel 01,,
3330654,John Wick - Trilogia,,
3330653,Jogos Vorazes - Quadrilogia,,
3330652,Jogos Mortais 02,,
3330651,Jogos Mortais 01,,
3330650,Harry Potter 02,,
3330649,Harry Potter 01,,
3330648,Disney Clássico 02,,
3330647,Disney Clássico 01,,
3330646,DC Comics 02,,
3330645,DC Comics 01,,
3330644,Batman - Trilogia,,
3330900,[24H] Big Mouth 05,,
3330899,[24H] Big Mouth 04,,
3330898,[24H] Bobs Burgers 11,,
3330897,[24H] Bobs Burgers 09,,
3330896,[24H] Castlevania 03,,
3330895,[24H] Castlevania 02,,
3330894,[24H] Castlevania 01,,
3330893,[24H] Caçadores De Bugs 02,,
3330892,[24H] Caçadores De Bugs 01,,
3330891,[24H] Bobs Burgers 08,,
3330890,[24H] Bobs Burgers 07,,
3330889,[24H] Bobs Burgers 06,,
3330888,[24H] Bobs Burgers 05,,
3330887,[24H] Bobs Burgers 04,,
3330886,[24H] Bobs Burgers 03,,
3330885,[24H] Bobs Burgers 02,,
3330884,[24H] Bobs Burgers 01,,
3330883,[24H] Big Mouth 03,,
3330882,[24H] Big Mouth 02,,
3330881,[24H] Big Mouth 01,,
3330880,[24H] Prison Break 05,,
3330879,[24H] Prison Break 04,,
3330878,[24H] Prison Break 03,,
3330877,[24H] Prison Break 02,,
3330876,[24H] Prison Break 01,,
3330875,[24H] Dexter 08,,
3330874,[24H] Dexter 07,,
3330873,[24H] Dexter 06,,
3330872,[24H] Dexter 05,,
3330871,[24H] Dexter 04,,
3330870,[24H] Dexter 03,,
3330869,[24H] Dexter 02,,
3330868,[24H] Dexter 01,,
3330867,[24H] American Dad 17,,
3330866,[24H] American Dad 16,,
3330865,[24H] American Dad 15,,
3330864,[24H] American Dad 14,,
3330863,[24H] American Dad 13,,
3330862,[24H] American Dad 12,,
3330861,[24H] American Dad 11,,
3330860,[24H] American Dad 10,,
3330859,[24H] American Dad 09,,
3330858,[24H] American Dad 08,,
3330857,[24H] American Dad 07,,
3330856,[24H] American Dad 06,,
3330855,[24H] American Dad 05,,
3330854,[24H] American Dad 04,,
3330853,[24H] American Dad 03,,
3330852,[24H] American Dad 02,,
3330851,[24H] American Dad 01,,
3330850,[24H] Filhos da Anarquia 07,,
3330849,[24H] Filhos da Anarquia 06,,
3330848,[24H] Filhos da Anarquia 05,,
3330847,[24H] Filhos da Anarquia 04,,
3330846,[24H] Filhos da Anarquia 03,,
3330845,[24H] Filhos da Anarquia 02,,
3330844,[24H] Filhos da Anarquia 01,,
3330843,[24H] Uma Família da Pesada 20,,
3330842,[24H] Uma Família da Pesada 19,,
3330841,[24H] Uma Família da Pesada 18,,
3330840,[24H] Uma Família da Pesada 17,,
3330839,[24H] Uma Família da Pesada 16,,
3330838,[24H] Uma Família da Pesada 15,,
3330837,[24H] Uma Família da Pesada 14,,
3330836,[24H] Uma Família da Pesada 13,,
3330835,[24H] Uma Família da Pesada 12,,
3330834,[24H] Uma Família da Pesada 11,,
3330833,[24H] Uma Família da Pesada 10,,
3330832,[24H] Uma Família da Pesada 09,,
3330831,[24H] Uma Família da Pesada 08,,
3330830,[24H] Uma Família da Pesada 07,,
3330829,[24H] Uma Família da Pesada 06,,
3330828,[24H] Uma Família da Pesada 05,,
3330827,[24H] Uma Família da Pesada 04,,
3330826,[24H] Uma Família da Pesada 03,,
3330825,[24H] Uma Família da Pesada 02,,
3330824,[24H] The Walking Dead 11,,
3330823,[24H] The Walking Dead 10,,
3330822,[24H] The Walking Dead 09,,
3330821,[24H] The Walking Dead 08,,
3330820,[24H] The Walking Dead 07,,
3330819,[24H] The Walking Dead 06,,
3330818,[24H] The Walking Dead 05,,
3330817,[24H] The Walking Dead 04,,
3330816,[24H] The Walking Dead 03,,
3330815,[24H] The Walking Dead 02,,
3330814,[24H] The Walking Dead 01,,
3330813,[24H] Dr House 08,,
3330812,[24H] Dr House 07,,
3330811,[24H] Dr House 06,,
3330810,[24H] Dr House 05,,
3330809,[24H] Dr House 04,,
3330808,[24H] Dr House 03,,
3330807,[24H] Dr House 02,,
3330806,[24H] Dr House 01,,
3330805,[24H] Game Of Thrones 08,,
3330804,[24H] Game Of Thrones 07,,
3330803,[24H] Game Of Thrones 06,,
3330802,[24H] Game Of Thrones 05,,
3330801,[24H] Game Of Thrones 04,,
3330800,[24H] Game Of Thrones 03,,
3330799,[24H] Game Of Thrones 02,,
3330798,[24H] Game Of Thrones 01,,
3330797,[24H] Detetives do Prédio Azul 14,,
3330796,[24H] Detetives do Prédio Azul 13,,
3330795,[24H] Detetives do Prédio Azul 12,,
3330794,[24H] Detetives do Prédio Azul 11,,
3330793,[24H] Detetives do Prédio Azul 10,,
3330792,[24H] Detetives do Prédio Azul 9,,
3330791,[24H] Detetives do Prédio Azul 8,,
3330790,[24H] Detetives do Prédio Azul 7,,
3330789,[24H] Detetives do Prédio Azul 6,,
3330788,[24H] Detetives do Prédio Azul 5,,
3330787,[24H] Detetives do Prédio Azul 4,,
3330786,[24H] Detetives do Prédio Azul 3,,
3330785,[24H] Detetives do Prédio Azul 2,,
3330784,[24H] Detetives do Prédio Azul 1,,
3330783,[24H] A Grande Familia 14,,
3330782,[24H] A Grande Familia 13,,
3330781,[24H] A Grande Familia 12,,
3330780,[24H] A Grande Familia 11,,
3330779,[24H] A Grande Familia 10,,
3330778,[24H] A Grande Familia 9,,
3330777,[24H] A Grande Familia 8,,
3330776,[24H] A Grande Familia 7,,
3330775,[24H] A Grande Familia 6,,
3330774,[24H] A Grande Familia 5,,
3330773,[24H] A Grande Familia 4,,
3330772,[24H] A Grande Familia 3,,
3330771,[24H] Black Mirror 05,,
3330770,[24H] Black Mirror 06,,
3330769,[24H] Black Mirror 04,,
3330768,[24H] Black Mirror 03,,
3330767,[24H] Black Mirror 02,,
3330766,[24H] Black Mirror 01,,
3330765,[24H] Xena,,
3330764,[24H] Vai que Cola 8,,
3330763,[24H] Vai que Cola 7,,
3330762,[24H] Vai que Cola 6,,
3330761,[24H] Vai que Cola 5,,
3330760,[24H] Vai que Cola 3,,
3330759,[24H] Vai que Cola 2,,
3330758,[24H] Vai que Cola 1,,
3330757,[24H] Uma Família da Pesada 1,,
3330756,[24H] Um Maluco no Pedaço 6,,
3330755,[24H] Um Maluco no Pedaço 5,,
3330754,[24H] Um Maluco no Pedaço 4,,
3330753,[24H] Um Maluco no Pedaço 3,,
3330752,[24H] Um Maluco no Pedaço 2,,
3330751,[24H] Um Maluco no Pedaço 1,,
3330750,[24H] Ultraman,,
3330749,[24H] Todo Mundo Odeia o Chris 8,,
3330748,[24H] Todo Mundo Odeia o Chris 7,,
3330747,[24H] Todo Mundo Odeia o Chris 6,,
3330746,[24H] Todo Mundo Odeia o Chris 5,,
3330745,[24H] Todo Mundo Odeia o Chris 4,,
3330744,[24H] Todo Mundo Odeia o Chris 3,,
3330743,[24H] Todo Mundo Odeia o Chris 2,,
3330742,[24H] Todo Mundo Odeia o Chris 1,,
3330741,[24H] Supernatural 14,,
3330740,[24H] Supernatural 13,,
3330739,[24H] Supernatural 12,,
3330738,[24H] Supernatural 11,,
3330737,[24H] Supernatural 10,,
3330736,[24H] Supernatural 09,,
3330735,[24H] Supernatural 08,,
3330734,[24H] Supernatural 07,,
3330733,[24H] Supernatural 06,,
3330732,[24H] Supernatural 05,,
3330731,[24H] Supernatural 04,,
3330730,[24H] Supernatural 03,,
3330729,[24H] Supernatural 02,,
3330728,[24H] Supernatural 01,,
3330727,[24H] Smallville 10,,
3330726,[24H] Smallville 09,,
3330725,[24H] Smallville 08,,
3330724,[24H] Smallville 07,,
3330723,[24H] Smallville 06,,
3330722,[24H] Smallville 05,,
3330721,[24H] Smallville 04,,
3330720,[24H] Smallville 03,,
3330719,[24H] Smallville 02,,
3330718,[24H] Smallville 01,,
3330717,[24H] Rick And Morty 6,,
3330716,[24H] Rick And Morty 5,,
3330715,[24H] Rick And Morty 4,,
3330714,[24H] Rick And Morty 3,,
3330713,[24H] Rick And Morty 2,,
3330712,[24H] Rick And Morty 1,,
3330711,[24H] Os Trapalhões,,
3330710,[24H] Friends 10,,
3330709,[24H] Friends 09,,
3330708,[24H] Friends 08,,
3330707,[24H] Friends 07,,
3330706,[24H] Friends 06,,
3330705,[24H] Friends 05,,
3330704,[24H] Friends 04,,
3330703,[24H] Friends 03,,
3330702,[24H] Friends 02,,
3330701,[24H] Friends 01,,
3330700,[24H] Eu a Patroa e as Crianças 5,,
3330699,[24H] Eu a Patroa e as Crianças 4,,
3330698,[24H] Eu a Patroa e as Crianças 3,,
3330697,[24H] Eu a Patroa e as Crianças 2,,
3330696,[24H] Eu a Patroa e as Crianças 1,,
3330695,[24H] Escolinha do Professor Raimundo,,
3330694,[24H] Dois Homens e Meio 12,,
3330693,[24H] Dois Homens e Meio 11,,
3330692,[24H] Dois Homens e Meio 10,,
3330691,[24H] Dois Homens e Meio 09,,
3330690,[24H] Dois Homens e Meio 08,,
3330689,[24H] Dois Homens e Meio 07,,
3330688,[24H] Dois Homens e Meio 06,,
3330687,[24H] Dois Homens e Meio 05,,
3330686,[24H] Dois Homens e Meio 04,,
3330685,[24H] Dois Homens e Meio 03,,
3330684,[24H] Dois Homens e Meio 02,,
3330683,[24H] Dois Homens e Meio 01,,
3330682,[24H] Chaves 1,,
3330681,[24H] Chapolin 1,,
3330680,[24H] Auto da Comparecida,,
3330679,[24H] As Visões da Raven,,
3330678,[24H] A Grande Familia 2,,
3330677,[24H] A Grande Familia 1,,
3330676,[24H] A Feiticeira,631fa8dd7f25240007099a40,09/10 13:25
3330643,Zé Neto e Cristiano [Live Dia da Cerveja],,
3330642,Zé Neto e Cristiano [Live Barzinho Aleatório],,
3330641,Zé Neto e Cristiano [Live Barretão],,
3330640,Xand Avião e os Barões da Pisadinha [Live Oficial],,
3330639,Wesley Safadão e Raça Negra [Skol Sunset],,
3330638,VillaMix em Casa [Só Modão],,
3330637,Trio Parada Dura [A Última Live - Especial Parrerito],,
3330636,Trio Parada Dura e Cesar Menotti [Na Fazenda do Ratinho],,
3330635,Só Pra Contrariar [Session 2],,
3330634,Só Pra Contrariar [Especial 30 Anos],,
3330633,Live Junina],,
3330632,Simone e Simaria [Pocket Show],,
3330631,Simone e Simaria [Live das Coleguinhas 2],,
3330630,Simone e Simaria [Live das Coleguinhas 2 Libras],,
3330629,Simone e Simaria [Live das Coleguinhas 1],,
3330628,Raça Negra e Amigos em Casa [Live 21-04-2020],,
3330627,Raça Negra e Alexandre Pires [Live Gigantes do Samba],,
3330626,Marilia Mendonça [Workshow],,
3330625,Marilia Mendonça [Todos os Cantos],,
3330624,Marilia Mendonça [Live Local],,
3330623,Marilia Mendonça [Lado B],,
3330622,Maiara e Maraisa [Workshow],,
3330621,Maiara e Maraisa [Fun Live],,
3330620,Maiara e Maraisa [Drive-In Na Terra],,
3330619,Maiara e Maraisa [Aqui na Fazenda],,
3330618,Maiara e Maraisa [Aqui em Casa 2],,
3330617,Maiara e Maraisa [Aqui em Casa 1],,
3330616,Bebo e Choro],,
3330615,Leonardo e Zé Felipe [Pai e Filho],,
3330614,Leonardo e Luiza e Maurílio [Aqui em Uberlândia],,
3330613,Leonardo e Eduardo Costa [Cabaré],,
3330612,Jorge e Mateus [Sunset],,
3330611,Jorge e Mateus [Pelo Amor de Deus],,
3330610,Jorge e Mateus [Na Praia Hotel],,
3330609,Henrique e Juliano [Live Liberdade Provisória],,
3330608,Daniel e Leonardo [Live Buteco em Casa 3],,
3330607,Gusttavo Lima [YouTube Music],,
3330606,Gusttavo Lima [Festa do Peão Barretos],,
3330605,Gusttavo Lima [Especial São João],,
3330604,Gusttavo Lima [Embaixador no Agronegócio],,
3330603,Gusttavo Lima [Buteco Em Casa 1],,
3330602,Gusttavo Lima [Buteco em BH],,
3330601,Eduardo Costa [Especial Dia dos Namorados],,
3330600,Eduardo Costa [Aqui em Uberlândia],,
3330599,Leonardo e Bruno e Marrone],,
3330598,Xand e Raí Saia Rodada],,
3330597,Bruno e Marrone [Live 4 sem propagandas],,
3330596,Bruno e Marrone [Live 3 sem propagandas],,
3330595,Bruno e Marrone [Live 16-05-2020],,
3330594,B&M + Wesley Safadão [Live 19-09-2020],,
3330593,Alexandre Pires [Live do Nego Véio],,
3330592,Alexandre Pires e Seu Jorge [Live Irmãos],,
4188092,XXX | 4K | Holed 10,,
4188091,XXX | 4K | Holed 09,,
4188090,XXX | 4K | Holed 08,,
4188089,XXX | 4K | Holed 07,,
4188088,XXX | 4K | Holed 06,,
4188087,XXX | 4K | Holed 05,,
4188086,XXX | 4K | Holed 04,,
4188085,XXX | 4K | Holed 03,,
4188084,XXX | 4K | Holed 02,,
4188083,XXX | 4K | Holed 01,,
4188082,XXX | 4K | CarnaFunk 2019,,
4188081,XXX | 4K | BangBros 04,,
4188080,XXX | 4K | BangBros 03,,
4188079,XXX | 4K | BangBros 02,,
4188078,XXX | 4K | BangBros 01,,
4188077,XXX Yara Rocha,,
4188076,XXX Wanessa Boyer,,
4188075,XXX Thammy Gretchen,,
4188074,XXX Show de Bundas 02,,
4188073,XXX Show de Bundas 01,,
4188072,XXX Rita Cadillac 02,,
4188071,XXX Rita Cadillac 01,,
4188070,XXX Rafaela Nakamura,,
4188069,XXX Pamela Pantera,,
4188068,XXX Nicolle Bittencourt,,
4188067,XXX Monica Santiago,,
4188066,XXX Mofos Latina Sex FHD,,
4188065,XXX Mia Linz,,
4188064,XXX Manu Fox,,
4188063,XXX Loupan,,
4188062,XXX Julianna Vega,,
4188061,XXX Julia Paes,,
4188060,XXX Julia Mattos,,
4188059,XXX Gina Jolie,,
4188058,XXX Fernandinha Fernandez,,
4188057,XXX Esposa Heyya [amador],,
4188056,XXX Carol Fenix,,
4188055,XXX Brazzers 06 FHD,,
4188054,XXX Brazzers 05 FHD,,
4188053,XXX Brazzers 04 FHD,,
4188052,XXX Brazzers 03 FHD,,
4188051,XXX Brazzers 02 FHD,,
4188050,XXX Brazzers 01 FHD,,
4188049,XXX Brad Montana 12,,
4188048,XXX Brad Montana 11,,
4188047,XXX Brad Montana 10,,
4188046,XXX Brad Montana 09,,
4188045,XXX Brad Montana 08,,
4188044,XXX Brad Montana 07,,
4188043,XXX Brad Montana 06,,
4188042,XXX Brad Montana 05,,
4188041,XXX Brad Montana 04,,
4188040,XXX Brad Montana 03,,
4188039,XXX Brad Montana 02,,
4188038,XXX Brad Montana 01,,
4188037,XXX Asiaticas 04,,
4188036,XXX Asiaticas 03,,
4188035,XXX Asiaticas 02,,
4188034,XXX Asiaticas 01,,
4188033,XXX Analine,,
4188032,XXX Ana Julia,,
4188031,XXX Aline Rios,,
4188030,XXX Alexandre Frota,,
4188029,XXX Alessandra Marques,,
4188028,XXX Abella Danger,,
4188027,XXX A Casa das Brasileirinhas Vol. 63,,
4188026,XXX A Casa das Brasileirinhas Vol. 62,,
4188025,XXX 4K Brasileirinhas: Contos Eróticos,,
4188024,XXX 4K Brasileirinhas: Contos do Big,,
4188023,Visit-X TV HD,,
4188022,RedTraffic TV Threesome,,
4188021,RedTraffic TV Teen,,
4188020,RedTraffic TV Russian,,
4188019,RedTraffic TV Rough,,
4188018,RedTraffic TV POV,,
4188017,RedTraffic TV Pornstar,,
4188016,RedTraffic TV MILF,,
4188015,RedTraffic TV Live Cams,,
4188014,RedTraffic TV Lesbian,,
4188013,RedTraffic TV Latina,,
4188012,RedTraffic TV Interracial,,
4188011,RedTraffic TV Hardcore,,
4188010,RedTraffic TV Gay,,
4188009,RedTraffic TV Gangbang,,
4188008,RedTraffic TV Fetish,,
4188007,RedTraffic TV Cuckold,,
4188006,RedTraffic TV Compilation,,
4188005,RedTraffic TV Brunette,,
4188004,RedTraffic TV Blowjob,,
4188003,RedTraffic TV Blonde,,
4188002,RedTraffic TV Big Tits,,
4188001,RedTraffic TV Big Dick,,
4188000,RedTraffic TV Big Ass,,
4187999,RedTraffic TV Anal,,
101565,SEXY PRIVE SD,,
101563,SEXY PRIVE HD,,
101562,SEXY PRIVE FHD,,
101558,SEXY PRIVE HD,,
101557,SEXY PRIVE FHD,,
